CTV3ID,CTV3PreferredTermDesc,CTV3Source
14A3.,H/O: myocardial infarct at less than 60,CTV3Map_Code_And_Term
14A4.,H/O: myocardial infarct at greater than 60,CTV3Map_Code_And_Term
14A5.,H/O: angina pectoris,CTV3Map_Code_And_Term
14A6.,H/O: heart failure,CTV3Map_Code_And_Term
14S3.,H/O: heart recipient,CTV3Map_Code_And_Term
323..,ECG: myocardial infarction,CTV3Map_Code_And_Term
3232.,ECG: old myocardial infarction,CTV3Map_Code_And_Term
3233.,ECG: anteroseptal infarction,CTV3Map_Code_And_Term
3234.,ECG:posterior/inferior infarct,CTV3Map_Code_And_Term
3235.,ECG: subendocardial infarct,CTV3Map_Code_And_Term
3236.,ECG: lateral infarction,CTV3Map_Code_And_Term
323Z.,ECG: myocardial infarct NOS,CTV3Map_Code_And_Term
662K.,Angina control,CTV3Map_Code_And_Term
662K0,Angina control - good,CTV3Map_Code_And_Term
662K1,Angina control - poor,CTV3Map_Code_And_Term
662K2,Angina control - improving,CTV3Map_Code_And_Term
662K3,Angina control - worsening,CTV3Map_Code_And_Term
662Kz,Angina control NOS,CTV3Map_Code_And_Term
7900.,Heart and lung transplant,CTV3Map_Code_And_Term
79000,Allotransplant of heart and lung,CTV3Map_Code_And_Term
79001,Revision of transplantation of heart and lung,CTV3_Children
7900y,Other specified transplantation of heart and lung,CTV3_Children
7900z,Transplantation of heart and lung NOS,CTV3Map_Code_And_Term
7901.,Other transplantation of heart,CTV3Map_Code_And_Term
79010,Allotransplantation of heart NEC,CTV3Map_Code_And_Term
79011,Xenotransplant of heart,CTV3Map_Code_And_Term
79012,Implantation of prosthetic heart,CTV3Map_Code_And_Term
79013,Heterotopic allotransplant of heart,CTV3Map_Code_And_Term
79014,Revision of implantation of prosthetic heart,CTV3Map_Code_And_Term
79015,Revision of transplantation of heart NEC,CTV3Map_Code_And_Term
7901y,Other specified other transplantation of heart,CTV3Map_Code_And_Term
7901z,Other transplantation of heart NOS,CTV3Map_Code_And_Term
7902.,Repair of tetralogy of Fallot,CTV3Map_Code_And_Term
7902.,Repair of tetralogy of Fallot,CTV3Map_Code_Only
79020,Correct Fallot tetralogy valved right ventr outflow conduit,CTV3Map_Code_And_Term
79020,Correct Fallot tetralogy valved right ventr outflow conduit,CTV3Map_Code_Only
79021,Correct Fallot tetralogy- right ventric outflow conduit NEC,CTV3Map_Code_And_Term
79021,Correct Fallot tetralogy- right ventric outflow conduit NEC,CTV3Map_Code_Only
79022,Correct Fallot tetralogy- right ventricular outflow patch,CTV3Map_Code_And_Term
79023,Revision of correction of tetralogy of Fallot,CTV3Map_Code_And_Term
79023,Revision of correction of tetralogy of Fallot,CTV3Map_Code_Only
7902y,Other specified correction of tetralogy of Fallot,CTV3Map_Code_And_Term
7902y,Other specified correction of tetralogy of Fallot,CTV3Map_Code_Only
7902z,Correction of tetralogy of Fallot NOS,CTV3Map_Code_And_Term
7902z,Correction of tetralogy of Fallot NOS,CTV3Map_Code_Only
79030,Atrial inversion operation with patch,CTV3Map_Code_And_Term
79030,Atrial inversion operation with patch,CTV3Map_Code_Only
79031,Atrial inversion operation using atrial wall,CTV3Map_Code_And_Term
79031,Atrial inversion operation using atrial wall,CTV3Map_Code_Only
7903y,Atrial inversion op for transposition of great vessels OS,CTV3Map_Code_And_Term
7903y,Atrial inversion op for transposition of great vessels OS,CTV3Map_Code_Only
7903z,Atrial inversion op for transposition of great vessels NOS,CTV3Map_Code_And_Term
7903z,Atrial inversion op for transposition of great vessels NOS,CTV3Map_Code_Only
7904.,Other correction of transposition of great vessels,CTV3Map_Code_And_Term
79040,Arterial switch operation,CTV3Map_Code_And_Term
7904y,Other correction of transposition of great vessels OS,CTV3Map_Code_And_Term
7904z,Other correction of transposition of great vessels NOS,CTV3Map_Code_And_Term
7905.,Repair of total anomalous pulmonary venous connection,CTV3Map_Code_And_Term
79050,Correct total anomal pulm venous connect to supracard vessel,CTV3Map_Code_And_Term
79051,Correct total anomal pulm venous connect to coronary sinus,CTV3Map_Code_And_Term
79052,Correct total anomal pulm venous connect to infradiaph vess,CTV3_Children
7905y,Correction of total anomalous pulmonary venous connection OS,CTV3Map_Code_And_Term
7905z,Correction total anomalous pulmonary venous connection NOS,CTV3Map_Code_And_Term
790H3,Revascularisation of wall of heart,High_Level_SNOMED
792..,Coronary artery operations (& bypass),CTV3_Children
7920.,Saphenous vein graft bypass of coronary artery,CTV3Map_Code_And_Term
7920.,Saphenous vein graft bypass of coronary artery,CTV3Map_Code_Only
79200,Saphenous vein graft replacement of one coronary artery,CTV3Map_Code_And_Term
79201,Saphenous vein graft replacement of two coronary arteries,CTV3Map_Code_And_Term
79202,Saphenous vein graft replacement of three coronary arteries,CTV3Map_Code_And_Term
79203,Saphenous vein graft replacement of four+ coronary arteries,CTV3Map_Code_And_Term
7920y,Saphenous vein graft replacement of coronary artery OS,CTV3Map_Code_And_Term
7920z,Saphenous vein graft replacement coronary artery NOS,CTV3Map_Code_And_Term
7921.,Other autograft replacement of coronary artery,CTV3Map_Code_And_Term
7921.,Other autograft replacement of coronary artery,CTV3Map_Code_Only
79210,Autograft replacement of one coronary artery NEC,CTV3Map_Code_And_Term
79211,Autograft replacement of two coronary arteries NEC,CTV3Map_Code_And_Term
79212,Autograft replacement of three coronary arteries NEC,CTV3Map_Code_And_Term
79213,Autograft replacement of four of more coronary arteries NEC,CTV3Map_Code_And_Term
7921y,Other autograft replacement of coronary artery OS,CTV3Map_Code_And_Term
7921z,Other autograft replacement of coronary artery NOS,CTV3Map_Code_And_Term
7922.,Allograft bypass of coronary artery,CTV3Map_Code_And_Term
7922.,Allograft bypass of coronary artery,CTV3Map_Code_Only
79220,Allograft replacement of one coronary artery,CTV3Map_Code_And_Term
79221,Allograft replacement of two coronary arteries,CTV3Map_Code_And_Term
79222,Allograft replacement of three coronary arteries,CTV3Map_Code_And_Term
79223,Allograft replacement of four or more coronary arteries,CTV3Map_Code_And_Term
7922y,Other specified allograft replacement of coronary artery,CTV3Map_Code_And_Term
7922z,Allograft replacement of coronary artery NOS,CTV3Map_Code_And_Term
7923.,Prosthetic bypass of coronary artery,CTV3Map_Code_And_Term
7923.,Prosthetic bypass of coronary artery,CTV3Map_Code_Only
79230,Prosthetic replacement of one coronary artery,CTV3Map_Code_And_Term
79231,Prosthetic replacement of two coronary arteries,CTV3Map_Code_And_Term
79232,Prosthetic replacement of three coronary arteries,CTV3Map_Code_And_Term
79233,Prosthetic replacement of four or more coronary arteries,CTV3Map_Code_And_Term
7923y,Other specified prosthetic replacement of coronary artery,CTV3_Children
7923z,Prosthetic replacement of coronary artery NOS,CTV3Map_Code_And_Term
7924.,Revision of bypass for coronary artery,CTV3Map_Code_And_Term
79240,Revision of bypass for one coronary artery,CTV3Map_Code_And_Term
79241,Revision of bypass for two coronary arteries,CTV3Map_Code_And_Term
79242,Revision of bypass for three coronary arteries,CTV3Map_Code_And_Term
79243,Revision of bypass for four or more coronary arteries,CTV3Map_Code_And_Term
79244,Revision of connection of thoracic artery to coronary artery,CTV3_Children
79245,Revision of implantation of thoracic artery into heart,CTV3_Children
7924y,Other specified revision of bypass for coronary artery,CTV3Map_Code_And_Term
7924z,Revision of bypass for coronary artery NOS,CTV3Map_Code_And_Term
7925.,Connection of mammary artery to coronary artery,CTV3Map_Code_And_Term
7925.,Connection of mammary artery to coronary artery,CTV3Map_Code_Only
79250,Mamm to coron art anast: [double] or [LIMA seq]/[RIMA seq],CTV3_Children
79251,Double implant of mammary arteries into coronary arteries,CTV3Map_Code_And_Term
79252,Single anast mammary art to left ant descend coronary art,CTV3_Children
79253,Single mammary-coronary art anast: [NEC] or [LIMA] or [RIMA],CTV3_Children
79254,Single implantation of mammary artery into coronary artery,CTV3Map_Code_And_Term
7925y,Connection of mammary artery to coronary artery OS,CTV3Map_Code_And_Term
7925z,Connection of mammary artery to coronary artery NOS,CTV3Map_Code_And_Term
7926.,Connection of other thoracic artery to coronary artery,CTV3Map_Code_And_Term
79260,Double anastom thoracic arteries to coronary arteries NEC,CTV3Map_Code_And_Term
79261,Double implant thoracic arteries into coronary arteries NEC,CTV3_Children
79262,Single anastomosis of thoracic artery to coronary artery NEC,CTV3Map_Code_And_Term
79263,Single implantation thoracic artery into coronary artery NEC,CTV3Map_Code_And_Term
7926y,Connection of other thoracic artery to coronary artery OS,CTV3_Children
7926z,Connection of other thoracic artery to coronary artery NOS,CTV3Map_Code_And_Term
7927.,Other open operations on coronary artery,CTV3_Children
79270,Repair of arteriovenous fistula of coronary artery,CTV3_Children
79271,Repair of coronary artery aneurysm,CTV3_Children
79272,Transection of coronary artery muscle bridge,CTV3_Children
79273,Transposition of coronary artery NEC,CTV3_Children
79275,Open angioplasty of coronary artery,CTV3Map_Code_And_Term
7927y,Other specified other open operation on coronary artery,CTV3_Children
7927z,Other open operation on coronary artery NOS,CTV3_Children
7928.,Percutaneous balloon angioplasty of coronary artery,CTV3_Children
79280,Percut transluminal balloon angioplasty one coronary artery,CTV3_Children
79281,Percut translum balloon angioplasty mult coronary arteries,CTV3_Children
79282,Percut translum balloon angioplasty bypass graft coronary a,CTV3_Children
7928y,Transluminal balloon angioplasty of coronary artery OS,CTV3_Children
7928z,Transluminal balloon angioplasty of coronary artery NOS,CTV3_Children
7929.,Other therapeutic transluminal operations on coronary artery,CTV3_Children
79290,Percutaneous transluminal laser coronary angioplasty,CTV3_Children
79291,Percut transluminal coronary thrombolysis with streptokinase,CTV3Map_Code_And_Term
79291,Percut transluminal coronary thrombolysis with streptokinase,CTV3Map_Code_Only
79292,Percut translum inject therap subst to coronary artery NEC,CTV3_Children
79293,Percutaneous rotational coronary endarterectomy,CTV3_Children
7929y,Other therapeutic transluminal op on coronary artery OS,CTV3_Children
7929z,Other therapeutic transluminal op on coronary artery NOS,CTV3_Children
792A.,Diagnostic transluminal operations on coronary artery,CTV3_Children
792A0,Percutaneous transluminal angioscopy,CTV3_Children
792Ay,Diagnostic transluminal operation on coronary artery OS,CTV3_Children
792Az,Diagnostic transluminal operation on coronary artery NOS,CTV3_Children
792B.,Repair of coronary artery NEC,CTV3_Children
792B0,Endarterectomy of coronary artery NEC,CTV3_Children
792By,Other specified repair of coronary artery,CTV3_Children
792Bz,Repair of coronary artery NOS,CTV3_Children
792C.,Other replacement of coronary artery,CTV3Map_Code_And_Term
792C0,Replacement of coronary arteries using multiple methods,CTV3Map_Code_And_Term
792Cy,Other specified replacement of coronary artery,CTV3Map_Code_And_Term
792Cz,Replacement of coronary artery NOS,CTV3Map_Code_And_Term
792D.,Other bypass of coronary artery,CTV3Map_Code_And_Term
792Dy,Other specified other bypass of coronary artery,CTV3Map_Code_And_Term
792Dz,Other bypass of coronary artery NOS,CTV3Map_Code_And_Term
792y.,Other specified operations on coronary artery,CTV3_Children
792z.,Coronary artery operations NOS,CTV3_Children
79332,Transluminal maintenance of heart assist system,CTV3Map_Code_And_Term
C3733,Familial amyloid cardiomyopathy,High_Level_SNOMED
D4102,Polycythaemia due to cyanotic heart disease,CTV3Map_Code_And_Term
G1...,Chronic rheumatic heart disease,CTV3Map_Code_And_Term
G10..,Chronic rheumatic pericarditis,CTV3_Children
G100.,Adherent rheumatic pericardium,CTV3_Children
G101.,Chronic rheumatic mediastinopericarditis,CTV3_Children
G102.,Chronic rheumatic myopericarditis,CTV3_Children
G10z.,Chronic rheumatic pericarditis NOS,CTV3_Children
G14..,Other chronic rheumatic endocardial disease,CTV3_Children
G1y..,Other specified chronic rheumatic heart disease,CTV3_Children
G1yz.,Other and unspecified rheumatic heart disease,CTV3_Children
G1yz0,Rheumatic heart disease unspecified,CTV3_Children
G1yz1,Rheumatic left ventricular failure,CTV3Map_Code_And_Term
G1yzz,Other rheumatic heart disease NOS,CTV3_Children
G1z..,Chronic rheumatic heart disease NOS,CTV3_Children
G21..,Hypertensive heart disease,QOF
G210.,Malignant hypertensive heart disease,QOF
G2100,Malignant hypertensive heart disease without CCF,QOF
G2101,Malignant hypertensive heart disease with CCF,CTV3Map_Code_And_Term
G210z,Malignant hypertensive heart disease NOS,QOF
G211.,Benign hypertensive heart disease,QOF
G2110,Benign hypertensive heart disease without CCF,QOF
G2111,Benign hypertensive heart disease with CCF,CTV3Map_Code_And_Term
G211z,Benign hypertensive heart disease NOS,QOF
G21z.,Hypertensive heart disease NOS,QOF
G21z0,"Hypertensiv:[cardiomeg][heart dis NOS, no congest card fail]",QOF
G21z1,Hypertensive heart disease NOS with CCF,CTV3Map_Code_And_Term
G23..,Hypertensive heart and renal disease,QOF
G230.,Malignant hypertensive heart and renal disease,QOF
G231.,Benign hypertensive heart and renal disease,QOF
G232.,Hypertensive heart&renal dis wth (congestive) heart failure,CTV3Map_Code_And_Term
G233.,Hypertensive heart and renal disease with renal failure,CTV3Map_Code_And_Term
G234.,Hyperten heart&renal dis+both(congestv)heart and renal fail,CTV3Map_Code_And_Term
G23z.,Hypertensive heart and renal disease NOS,QOF
G3...,Ischaemic heart disease (& [arteriosclerotic]),CTV3_Children
G30..,(Myocard inf (& [ac][silent][card rupt])) or (coron thromb),CTV3_Children
G300.,Acute anterolateral myocardial infarction,CTV3Map_Code_And_Term
G301.,Other specified anterior myocardial infarction,CTV3Map_Code_And_Term
G3010,Acute anteroapical infarction,CTV3Map_Code_And_Term
G3011,Acute anteroseptal myocardial infarction,CTV3Map_Code_And_Term
G301z,Anterior myocardial infarction NOS,CTV3Map_Code_And_Term
G302.,Acute inferolateral myocardial infarction,CTV3Map_Code_And_Term
G303.,Acute inferoposterior infarction,CTV3Map_Code_And_Term
G304.,Posterior myocardial infarction NOS,CTV3Map_Code_And_Term
G305.,Lateral myocardial infarction NOS,CTV3Map_Code_And_Term
G306.,True posterior myocardial infarction,CTV3Map_Code_And_Term
G307.,Acute subendocardial infarction,CTV3Map_Code_And_Term
G308.,Inferior myocardial infarction NOS,CTV3Map_Code_And_Term
G30y.,Other acute myocardial infarction,CTV3Map_Code_And_Term
G30y0,Acute atrial infarction,CTV3Map_Code_And_Term
G30y1,Acute papillary muscle infarction,CTV3Map_Code_And_Term
G30y2,Acute septal infarction,CTV3Map_Code_And_Term
G30yz,Other acute myocardial infarction NOS,CTV3Map_Code_And_Term
G30z.,Acute myocardial infarction NOS,CTV3Map_Code_And_Term
G31..,Other acute and subacute ischaemic heart disease,CTV3Map_Code_And_Term
G310.,Post-myocardial infarction syndrome,CTV3Map_Code_And_Term
G310.,Post-myocardial infarction syndrome,CTV3Map_Code_Only
G311.,(Angina:[cresc][unstabl][at rest])(preinfar syn)(imp infarc),CTV3_Children
G3110,Aborted myocardial infarction,CTV3Map_Code_And_Term
G3110,Aborted myocardial infarction,CTV3Map_Code_Only
G311z,Preinfarction syndrome NOS,CTV3Map_Code_And_Term
G312.,Coronary thrombosis not resulting in myocardial infarction,CTV3Map_Code_And_Term
G31y0,Acute coronary insufficiency,CTV3Map_Code_And_Term
G31y1,Microinfarction of heart,CTV3Map_Code_And_Term
G31y2,Subendocardial ischaemia,CTV3Map_Code_And_Term
G31yz,Other acute and subacute ischaemic heart disease NOS,CTV3Map_Code_And_Term
G32..,Myocard infarct: [old] or [healed] or [personal history of],QOF
G33..,Angina,CTV3Map_Code_And_Term
G330.,Angina decubitus,CTV3Map_Code_And_Term
G3300,Nocturnal angina,CTV3Map_Code_And_Term
G330z,Angina decubitus NOS,CTV3Map_Code_And_Term
G331.,Prinzmetal's angina,CTV3Map_Code_And_Term
G331.,Prinzmetal's angina,CTV3Map_Code_Only
G33z.,Angina pectoris NOS,CTV3Map_Code_And_Term
G33z0,Status anginosus,CTV3Map_Code_And_Term
G33z1,Stenocardia,CTV3Map_Code_And_Term
G33z2,Syncope anginosa,CTV3Map_Code_And_Term
G33z3,Exercise-induced angina,CTV3_Children
G33zz,Angina pectoris NOS,CTV3_Children
G34..,Other chronic ischaemic heart disease,CTV3Map_Code_And_Term
G340.,Coronary (atheroscl or artery dis) or triple vess dis heart,CTV3_Children
G3400,Single coronary vessel disease,CTV3Map_Code_And_Term
G3401,Double coronary vessel disease,CTV3Map_Code_And_Term
G341.,Aneurysm of heart,CTV3_Children
G3410,Ventricular cardiac aneurysm,CTV3_Children
G3411,Mural cardiac aneurysm (& [other]),CTV3_Children
G3412,Coronary artery aneurysm,High_Level_SNOMED
G3413,Acquired atrioventricular fistula of heart,CTV3_Children
G341z,Aneurysm of heart NOS,CTV3_Children
G343.,Generalised ischaemic myocardial dysfunction,CTV3Map_Code_And_Term
G34y.,Other specified chronic ischaemic heart disease,CTV3Map_Code_And_Term
G34y0,Chronic myocardial ischaemia,CTV3_Children
G34y1,Chronic myocardial ischaemia,CTV3Map_Code_And_Term
G34yz,Other specified chronic ischaemic heart disease NOS,CTV3Map_Code_And_Term
G34z.,Other chronic ischaemic heart disease NOS,CTV3Map_Code_And_Term
G35..,Subsequent myocardial infarction,CTV3Map_Code_And_Term
G350.,Subsequent myocardial infarction of anterior wall,CTV3Map_Code_And_Term
G351.,Subsequent myocardial infarction of inferior wall,CTV3Map_Code_And_Term
G353.,Subsequent myocardial infarction of other sites,CTV3Map_Code_And_Term
G36..,Certain current complication follow acute myocardial infarct,CTV3Map_Code_And_Term
G360.,Haemopericardium/current comp folow acut myocard infarct,CTV3Map_Code_And_Term
G361.,Atrial septal defect/curr comp folow acut myocardal infarct,CTV3Map_Code_And_Term
G363.,Ruptur cardiac wall w'out haemopericard/cur comp fol ac MI,CTV3Map_Code_And_Term
G364.,Ruptur chordae tendinae/curr comp fol acute myocard infarct,CTV3Map_Code_And_Term
G365.,Rupture papillary muscle/curr comp fol acute myocard infarct,CTV3Map_Code_And_Term
G366.,"Thrombosis atrium,auric append&vent/curr comp foll acute MI",CTV3Map_Code_And_Term
G3y..,Other specified ischaemic heart disease,CTV3Map_Code_And_Term
G3z..,Ischaemic heart disease NOS,CTV3Map_Code_And_Term
G400.,Acute cor pulmonale,High_Level_SNOMED
G41..,Chronic pulmonary heart disease,CTV3Map_Code_And_Term
G41y.,Other chronic pulmonary heart disease,CTV3Map_Code_And_Term
G41yz,Other chronic pulmonary heart disease NOS,CTV3_Children
G41z.,Chronic cor pulmonale (& [NOS]),CTV3_Children
G5102,Chronic bacterial endocarditis,QOF
G54z2,Chronic cardiac valvulitis NOS,QOF
G55..,Cardiomyopathy,High_Level_SNOMED
G550.,Restrictive cardiomyopathy with endomyocardial fibrosis,High_Level_SNOMED
G551.,Hypertrophic obstructive cardiomyopathy,High_Level_SNOMED
G552.,(Becker's disease) or (obscure African cardiomyopathy),High_Level_SNOMED
G554.,Other primary cardiomyopathies,High_Level_SNOMED
G5540,(Congestive obstructive) or (congestive cardiomyopathy),High_Level_SNOMED
G5541,Restrictive cardiomyopathy,High_Level_SNOMED
G5542,Familial cardiomyopathy,High_Level_SNOMED
G5543,Hypertrophic cardiomyopathy without obstruction,High_Level_SNOMED
G5544,Primary dilated cardiomyopathy,CTV3Map_Code_And_Term
G554z,Other primary cardiomyopathy NOS,High_Level_SNOMED
G555.,Alcohol-induced heart muscle disease,High_Level_SNOMED
G557.,Nutritional and metabolic cardiomyopathies,High_Level_SNOMED
G5572,Cardiac glycogenosis,High_Level_SNOMED
G5574,Mucopolysaccharidosis cardiomyopathy,High_Level_SNOMED
G557z,(Heart:[fat infil][fat degen]) or (nutr/met cardmyopath NOS),High_Level_SNOMED
G558.,Cardiomyopathy in disease EC,High_Level_SNOMED
G5580,Cardiomyopathy in Friedreich's ataxia,High_Level_SNOMED
G5581,Cardiomyopathy in myotonic dystrophy,High_Level_SNOMED
G5582,Dystrophic cardiomyopathy,High_Level_SNOMED
G558z,"Cardiomyopathy in diseases EC, NOS",High_Level_SNOMED
G55y.,Secondary cardiomyopathy: [dilated] or [NOS],High_Level_SNOMED
G55y0,Cardiomyopathy due to drugs and other external agents,QOF
G55z.,Cardiomyopathy NOS,High_Level_SNOMED
G58..,Heart failure,CTV3Map_Code_And_Term
G58..,Heart failure,CTV3Map_Code_Only
G580.,Heart failure: [right] or [congestive],CTV3_Children
G5800,Acute congestive heart failure,CTV3Map_Code_And_Term
G5801,Chronic congestive heart failure,CTV3Map_Code_And_Term
G5802,Decompensated cardiac failure,CTV3Map_Code_And_Term
G5803,Compensated cardiac failure,CTV3Map_Code_And_Term
G581.,(L ventric:[fail][imp func]) or (card asth) or (ac pulm oed),High_Level_SNOMED
G5810,Acute left ventricular failure,CTV3_Children
G582.,Acute heart failure,CTV3_Children
G58z.,Heart: [weak] or [failure NOS],QOF
G5y1.,Myocardial degeneration,High_Level_SNOMED
G5y2.,Cardiovascular arteriosclerosis unspecified,CTV3_Children
G5y4.,Post cardiac operation functional disturbance,CTV3_Children
G5y40,Postcardiotomy syndrome,CTV3_Children
G5y4z,Post cardiac operation heart failure NOS,CTV3Map_Code_And_Term
G5yy6,Atrial thrombosis,CTV3_Children
G700.,(Aortic atherosclerosis) or (aorto-iliac disease),CTV3_Children
Gyu14,[X]Other specified rheumatic heart diseases,CTV3_Children
Gyu30,[X]Other forms of angina pectoris,CTV3Map_Code_And_Term
Gyu31,[X]Other current complicatns following acute myocard infarct,CTV3_Children
Gyu32,[X]Other forms of acute ischaemic heart disease,CTV3Map_Code_And_Term
Gyu33,[X]Other forms of chronic ischaemic heart disease,CTV3Map_Code_And_Term
Gyu34,[X]Acute transmural myocardial infarction of unspecif site,CTV3Map_Code_And_Term
Gyu35,[X]Subsequent myocardial infarction of other sites,CTV3Map_Code_And_Term
Gyu36,[X]Subsequent myocardial infarction of unspecified site,CTV3Map_Code_And_Term
Gyu5M,[X]Other hypertrophic cardiomyopathy,High_Level_SNOMED
Gyu5N,[X]Other restrictive cardiomyopathy,High_Level_SNOMED
Gyu5P,[X]Other cardiomyopathies,High_Level_SNOMED
Gyu5Q,[X]Cardiomyopathy in infectious+parasitic diseases CE,High_Level_SNOMED
Gyu5R,[X]Cardiomyopathy in metabolic diseases classified elsewhere,High_Level_SNOMED
Gyu5S,[X]Cardiomyopathy in nutritional diseases CE,High_Level_SNOMED
Gyu5T,[X]Cardiomyopathy in other diseases classified elsewhere,High_Level_SNOMED
H541z,Pulmonary oedema NOS,CTV3Map_Code_And_Term
H584.,Acute pulmonary oedema unspecified,CTV3_Children
H584z,Acute pulmonary oedema NOS,CTV3_Children
L09y1,Cardiac arrest following abortive pregnancy,CTV3Map_Code_And_Term
L09y2,Cardiac failure following abortive pregnancy,High_Level_SNOMED
L1280,Pre-exist hyperten heart dis compl preg childbth+puerperium,QOF
L1281,Pre-exist hyperten heart renal dis comp preg chldbirth/puerp,QOF
P50..,Aortopulmonary septal anomaly (& [common trunk] or [defect]),CTV3_Children
P50z.,Common aortopulmonary trunk NOS,CTV3_Children
P51..,Discordant ventriculoarterial connection,CTV3Map_Code_And_Term
P510.,Total great vessel transposition,CTV3Map_Code_And_Term
P511.,Double outlet right ventricle,CTV3Map_Code_And_Term
P5110,"Double outlet right ventricle, unspecified",CTV3_Children
P5111,Dextratransposition of aorta,CTV3Map_Code_And_Term
P5112,Incomplete great vessel transposition,CTV3Map_Code_And_Term
P5113,Double outlet rt ventricle + subpulm ventriculr septl defect,CTV3Map_Code_And_Term
P511z,Double outlet right ventricle NOS,CTV3Map_Code_And_Term
P512.,Congenitally corrected transposition of great arteries,CTV3Map_Code_And_Term
P51y.,(Oth spec transposit great vessels) or (transposit of aorta),CTV3_Children
P51z.,(Great vessel transpos NOS) or (transpos arterial trunk NEC),CTV3_Children
P52..,Tetralogy of Fallot,CTV3Map_Code_And_Term
P520.,Tetralog Fallot: [unsp][ventric sept def][dextraposit aorta],CTV3_Children
P521.,Pentalogy of Fallot,CTV3Map_Code_And_Term
P52z.,Tetralogy of Fallot NOS,CTV3Map_Code_And_Term
P53..,[Common] and [ventricle],QOF
P54..,Ventricular septal defect,QOF
P540.,"Ventricular septal defect, unspecified",QOF
P541.,Interventricular septal defect,QOF
P542.,Right sided atrium connecting to left ventricle,CTV3Map_Code_And_Term
P543.,Eisenmenger's complex,CTV3Map_Code_And_Term
P544.,Vent septal defect between left ventricle and right atrium,CTV3Map_Code_And_Term
P545.,Small ventricular septal defect,CTV3Map_Code_And_Term
P54y.,Other specified ventricular septal defect,QOF
P54z.,Ventricular septal defect NOS,QOF
P550.,Septal def: [interaur][atrial NOS][auric NOS][interatr NEC],QOF
P553.,Lutembacher's syndrome,QOF
P56..,Endocardial cushion defects,QOF
P560.,"Endocardial cushion defects, unspecified",QOF
P56y.,Other specified endocardial cushion defects,QOF
P56z.,Endocardial cushion defects NOS,QOF
P56z2,Common atrioventricular-type ventricular septal defect,CTV3_Children
P57..,Cor biloculare,QOF
P5y..,Other heart bulb and septal closure defect,CTV3_Children
P5z..,Heart bulb or septal closure defects NOS,CTV3_Children
P6...,Other congenital heart anomalies,QOF
P60..,Congenital pulmonary valve abnormality,QOF
P600.,"Pulmonary valve anomaly, unspecified",QOF
P601.,Congenital atresia of the pulmonary valve,QOF
P6010,Hypoplasia of pulmonary valve,QOF
P601z,Congenital atresia of pulmonary valve NOS,QOF
P602.,Congenital pulmonary valve stenosis,QOF
P6020,Congenital fusion of pulmonic cusps,QOF
P6021,Congenital fusion of pulmonary valve segment,QOF
P602z,Congenital pulmonary stenosis NOS,QOF
P603.,(Right hypoplastic heart synd) or (pseudotruncus arteriosus),QOF
P60z.,Other pulmonary valve anomalies,QOF
P60z0,Congenital insufficiency of the pulmonary valve,QOF
P60z1,Fallot's trilogy,CTV3Map_Code_And_Term
P60z2,Supernumerary pulmonary valve cusps,QOF
P60zz,Other pulmonary valve anomaly NOS,QOF
P61..,Congenital tricuspid atresia and stenosis,QOF
P610.,Tricuspid atresia,QOF
P611.,Congenital tricuspid stenosis,QOF
P61z.,Congenital tricuspid atresia or stenosis NOS,QOF
P62..,Ebstein's anomaly of tricuspid valve,QOF
P63..,Congenital aortic valve stenosis,QOF
P64..,Congenital aortic valve insufficiency,QOF
P640.,"Congenital aortic valve insufficiency, unspecified",QOF
P641.,Bicuspid aortic valve,QOF
P64z.,Congenital aortic valve insufficiency NOS,QOF
P65..,Congenital mitral stenosis,QOF
P650.,"Congenital mitral stenosis, unspecified",QOF
P651.,Fused commissure of the mitral valve,QOF
P652.,Parachute malformation of mitral valve,QOF
P653.,Supernumerary cusps of the mitral valve,QOF
P65z.,Congenital mitral stenosis NOS,QOF
P66..,Congenital mitral regurgitation,QOF
P67..,Hypoplastic left heart syndrome,CTV3Map_Code_And_Term
P6y..,Other specified heart anomalies,CTV3Map_Code_Only
P6y0.,Subaortic stenosis,QOF
P6y1.,Cor triatriatum,QOF
P6y2.,Pulmonary infundibular stenosis,QOF
P6y3.,Obstructive heart anomaly NEC,CTV3Map_Code_And_Term
P6y30,Paper thin right ventricle,CTV3Map_Code_And_Term
P6y3z,Obstructive heart anomaly NEC NOS,CTV3Map_Code_And_Term
P6y4.,Coronary artery abnormality,QOF
P6y40,Congenital absence of coronary artery,QOF
P6y41,Single coronary artery,QOF
P6y42,Coronary artery from aorta,QOF
P6y43,Anomalous origin of coronary artery from pulmonary trunk,QOF
P6y44,Anomalous congen coronary communication (& arteriovenous),High_Level_SNOMED
P6y45,Congenital coronary aneurysm,QOF
P6y46,Congenital stricture of coronary artery,QOF
P6y4z,Coronary artery anomaly NOS,QOF
P6y60,Heart predominantly in right hemithorax,QOF
P6y62,Mesocardia,QOF
P6y63,Extrathoracic heart,CTV3Map_Code_And_Term
P6y64,Abdominal heart,CTV3Map_Code_And_Term
P6y6z,Heart or cardiac apex malposition NOS,QOF
P6yy.,(Specif heart anom ([vars]) or (hypoplast aort orif/valve),QOF
P6yy0,Atresia of cardiac vein,CTV3_Children
P6yy1,Hypoplasia of cardiac vein,CTV3_Children
P6yy2,Congenital cardiomegaly,CTV3_Children
P6yy3,Congenital left ventricular diverticulum,QOF
P6yy5,Congenital anomaly of myocardium,CTV3_Children
P6yy6,Congenital aneurysm of heart,CTV3_Children
P6yy7,Atresia of heart valve NEC,CTV3_Children
P6yy8,Cor triloculare,CTV3_Children
P6yy9,Congenital epicardial cyst,CTV3_Children
P6yyA,Hemicardia,CTV3Map_Code_And_Term
P6yyB,Supernumerary heart valve cusps NEC,CTV3_Children
P6yyD,Fusion of heart valve cusps NEC (& [tricuspid]),QOF
P6yyz,Other specified heart anomalies NOS,CTV3_Children
P6z..,(Congenital heart anomaly NOS) or (Chiari's malformation),QOF
P6z0.,Unspecified anomaly of heart valve,CTV3_Children
P6z2.,Acyanotic congenital heart disease NOS,CTV3_Children
P6zz.,Congenital heart anomaly NOS,QOF
P71..,Aortic coarctation,QOF
P710.,"Hypoplasia of aortic arch, unspecified",QOF
P713.,Interrupted aortic arch,QOF
P71z.,Coarctation of aorta NOS,QOF
P72..,(Other anomalies aorta) or (anomalies aorta excl coarction),QOF
P720.,"Anomaly of aorta, unspecified",QOF
P7210,Anomalous origin of the aortic arch,QOF
P7211,Aorta [dextraposition] or [overriding],QOF
P7212,(Double aortic arch) or (vascular ring),QOF
P7214,Persistent aortic arch convolutions,QOF
P7215,Persistent right aortic arch,QOF
P7216,"Vascular ring, aorta",QOF
P7217,Overriding aorta,CTV3Map_Code_And_Term
P7217,Overriding aorta,CTV3Map_Code_Only
P721z,Aortic arch anomalies NOS,QOF
P722.,Atresia and stenosis of aorta,QOF
P7220,Congenital absence of aorta,QOF
P7221,Aplasia of aorta,QOF
P7224,Aortic stenosis: [supra-valvula] or [congenital ascending],QOF
P7225,Atresia of aorta,QOF
P722z,Atresia or stenosis of aorta NOS,QOF
P72z.,Other anomalies of aorta NOS,QOF
P72z0,Sinus of Valsalva aneurysm,QOF
P73..,Pulmonary artery abnormality,QOF
P730.,"Pulmonary artery anomaly, unspecified",QOF
P731.,Pulmonary artery absent,CTV3Map_Code_And_Term
P731.,Pulmonary artery absent,CTV3Map_Code_Only
P732.,Pulmonary artery atresia,CTV3Map_Code_And_Term
P733.,Coarctation of the pulmonary artery,CTV3Map_Code_And_Term
P734.,Pulmonary artery hypoplasia,CTV3Map_Code_And_Term
P735.,Pulmonary artery: [stenosis] or [congenital stricture],CTV3_Children
P738.,Atresia of pulmonary artery with septal defect,CTV3Map_Code_And_Term
P73y.,Other specified anomaly of pulmonary artery,QOF
P73z.,Pulmonary artery anomaly NOS,QOF
P74..,Anomalies of great veins,QOF
P740.,"Anomaly of great veins, unspecified",QOF
P7400,"Anomaly of the pulmonary veins, unspecified",QOF
P7401,"Anomaly of the vena cava, unspecified",QOF
P740z,"Unspecified anomaly of the great veins, NOS",QOF
P741.,Total anomalous pulmonary venous connection,CTV3Map_Code_And_Term
P7410,Subdiaphragmatic total anomalous pulmonary venous return,CTV3Map_Code_And_Term
P7411,Supradiaphragmatic total anomalous pulmonary venous return,CTV3Map_Code_And_Term
P741z,Total anomalous pulmonary venous return NOS,CTV3Map_Code_And_Term
P74z0,Absence of inferior vena cava,QOF
P74z1,Absence of superior vena cava,QOF
P74z2,Congenital inferior vena cava stenosis,QOF
P74z3,Congenital superior vena cava stenosis,QOF
P74z4,Persistent left posterior cardinal vein,QOF
P74z5,Persistent left superior vena cava,QOF
P74z6,Scimitar syndrome,CTV3Map_Code_And_Term
P74z7,Transposition of pulmonary veins,QOF
P74z8,Pulmonary vein atresia,CTV3Map_Code_And_Term
P74zz,Other great vein anomaly NOS,QOF
PK34.,Situs inversus with levocardia,QOF
PK35.,Kartageners syndrome,QOF
PKy71,Holt-Oram syndrome,QOF
PKyz1,Acardia,CTV3_Children
Pyu20,[X]Other cong malformatn of cardiac chambers & connections,QOF
Pyu21,[X]Other congenital malformations of cardiac septa,QOF
Pyu22,[X]Other congenital malformations of pulmonary valve,QOF
Pyu23,[X]Other congenital malformations of tricuspid valve,QOF
Pyu24,[X]Other congenital malformations of aortic & mitral valves,QOF
Pyu25,[X]Other specified congenital malformations of the heart,QOF
Pyu26,[X]Other congenital malformations of aorta,QOF
Pyu27,[X]Other congenital malformations of pulmonary artery,QOF
Pyu28,[X]Other congenital malformations of great arteries,QOF
Pyu29,[X]Other congenital malformations of great veins,QOF
Pyu2G,"[X]Congenital malformation of tricuspid valve, unspecified",QOF
Pyu2H,[X]Congenital malformation of aortic and mitral valves unsp,QOF
Pyu2J,"[X]Congenital malformation of great arteries, unspecified",QOF
Q48y1,Congenital cardiac failure,CTV3Map_Code_And_Term
R2y10,[D]Cardiorespiratory failure,High_Level_SNOMED
SP003,Mechanical complication of coronary bypass,CTV3Map_Code_And_Term
SP084,Heart transplant failure and rejection,CTV3Map_Code_And_Term
SP085,Heart-lung transplant failure and rejection,CTV3Map_Code_And_Term
SP111,[Cardiac insuffic] or [heart fail] as a complication of care,High_Level_SNOMED
SP2y1,Postcardiotomy syndrome,CTV3_Children
TB000,"Heart transplant with complication, without blame",CTV3Map_Code_And_Term
Ua1eH,Ischaemic chest pain,CTV3Map_Code_And_Term
X00tE,Coronary artery bypass grafting,CTV3Map_Code_And_Term
X00tE,Coronary artery bypass grafting,CTV3Map_Code_Only
X00tG,Coronary artery bypass graft x 1,CTV3_Children
X00tH,Coronary artery bypass grafts x 2,CTV3_Children
X00tI,Coronary artery bypass grafts x 3,CTV3_Children
X00tJ,Coronary artery bypass grafts x 4,CTV3_Children
X00tK,Coronary artery bypass grafts x 5,CTV3_Children
X00tL,Coronary artery bypass grafts greater than 5,CTV3_Children
X00tM,Endarterectomy of coronary artery,CTV3_Children
X00tN,Open coronary artery endarterectomy,CTV3_Children
X00tO,Percutaneous endarterectomy of coronary artery,CTV3_Children
X00tP,Percutaneous directional coronary atherectomy,CTV3_Children
X00tQ,Percutaneous low speed rotational coronary atherectomy,CTV3_Children
X00tR,Percutaneous high speed rotational coronary atherectomy,CTV3_Children
X00tS,Angioplasty of coronary artery,CTV3_Children
X00tT,Percutaneous thrombolysis of coronary artery,CTV3_Children
X00tU,Insertion of coronary artery stent,CTV3_Children
X00tX,Angioscopy of coronary artery,CTV3_Children
X00tY,Patch repair of coronary artery,CTV3_Children
X00tZ,Operation for coronary artery fistula,CTV3_Children
X00ta,Open operation for coronary artery fistula,CTV3_Children
X00tb,Embolisation of coronary artery fistula,CTV3_Children
X00tc,Ligation of coronary artery,CTV3_Children
X00td,Reimplantation of coronary artery,CTV3_Children
X00te,Removal of foreign body from coronary artery,CTV3_Children
X010U,Repair of Fallot-type double outlet right ventricle,CTV3Map_Code_And_Term
X010l,Repair of double outlet right ventricle,CTV3Map_Code_And_Term
X010m,Rastelli operation,CTV3_Children
X010n,Rev operation,CTV3_Children
X0111,Take down of total cavopulmonary connection,CTV3Map_Code_And_Term
X102X,Acute pulmonary oedema,CTV3Map_Code_Only
X102Y,Acute cardiac pulmonary oedema,CTV3Map_Code_And_Term
X102Y,Acute cardiac pulmonary oedema,CTV3Map_Code_Only
X2006,Triple vessel disease of the heart,CTV3Map_Code_And_Term
X2006,Triple vessel disease of the heart,CTV3Map_Code_Only
X2007,Angina at rest,CTV3Map_Code_And_Term
X2007,Angina at rest,CTV3Map_Code_Only
X2008,Stable angina,CTV3Map_Code_And_Term
X2009,Unstable angina,CTV3Map_Code_And_Term
X2009,Unstable angina,CTV3Map_Code_Only
X200A,New onset angina,CTV3Map_Code_And_Term
X200B,Coronary spasm,CTV3Map_Code_And_Term
X200C,Myocardial ischaemia,CTV3_Children
X200D,Silent myocardial ischaemia,CTV3Map_Code_And_Term
X200E,Myocardial infarction,CTV3Map_Code_And_Term
X200E,Myocardial infarction,CTV3Map_Code_Only
X200G,Acute Q wave infarction - anteroseptal,CTV3_Children
X200H,Acute non-Q wave infarction - anteroseptal,CTV3_Children
X200I,Acute Q wave infarction - anterolateral,CTV3_Children
X200J,Acute non-Q wave infarction - anterolateral,CTV3_Children
X200K,Acute inferior myocardial infarction,CTV3_Children
X200L,Acute Q wave infarction - inferior,CTV3_Children
X200M,Acute non-Q wave infarction - inferior,CTV3_Children
X200N,Acute Q wave infarction - inferolateral,CTV3_Children
X200O,Acute non-Q wave infarction - inferolateral,CTV3_Children
X200P,Acute lateral myocardial infarction,CTV3_Children
X200Q,Acute Q wave infarction - lateral,CTV3_Children
X200R,Acute non-Q wave infarction - lateral,CTV3_Children
X200S,Acute widespread myocardial infarction,CTV3_Children
X200T,Acute Q wave infarction - widespread,CTV3_Children
X200U,Acute non-Q wave infarction - widespread,CTV3_Children
X200V,Acute posterior myocardial infarction,CTV3_Children
X200W,Old anterior myocardial infarction,CTV3_Children
X200X,Old inferior myocardial infarction,CTV3_Children
X200Y,Old lateral myocardial infarction,CTV3_Children
X200Z,Old posterior myocardial infarction,CTV3_Children
X200a,Silent myocardial infarction,CTV3Map_Code_And_Term
X200a,Silent myocardial infarction,CTV3Map_Code_Only
X200b,Accelerated coronary artery disease in transplanted heart,QOF
X200c,Cardiac syndrome X,CTV3_Children
X200d,Post-infarction ventricular septal defect,CTV3Map_Code_And_Term
X200e,Cardiac rupture after acute myocardial infarction,CTV3Map_Code_And_Term
X200e,Cardiac rupture after acute myocardial infarction,CTV3Map_Code_Only
X200v,Familial mitral valve prolapse,QOF
X2010,Congenital mitral valve abnormality,QOF
X2018,Congenital aortic regurgitation,QOF
X201B,Congenital aortic valve abnormality,QOF
X201F,Congenital tricuspid regurgitation,QOF
X201H,Congenital tricuspid valve abnormality,QOF
X201M,Congenital pulmonary regurgitation,QOF
X201W,Congestive obstructive cardiomyopathy,CTV3Map_Code_And_Term
X201X,Fatty degeneration heart,High_Level_SNOMED
X201Y,Hypertrophic cardiomyopathy,High_Level_SNOMED
X201Z,Secondary dilated cardiomyopathy,CTV3Map_Code_And_Term
X201a,Post-myocarditic cardiomyopathy,CTV3_Children
X201b,Cardiomyopathy in the puerperium,CTV3_Children
X201c,Familial dilated cardiomyopathy,CTV3_Children
X201d,Restrictive cardiomyopathy without endomyocardial fibrosis,High_Level_SNOMED
X201e,Familial restrictive cardiomyopathy,High_Level_SNOMED
X201f,Specific heart muscle disorder,High_Level_SNOMED
X201g,Chronic myocardial disorder due to chemical/external agent,QOF
X201h,Drug-induced specific heart muscle disorder,High_Level_SNOMED
X202k,Heart failure as a complication of care,CTV3Map_Code_And_Term
X202k,Heart failure as a complication of care,CTV3Map_Code_Only
X202l,Right ventricular failure,CTV3Map_Code_And_Term
X202l,Right ventricular failure,CTV3Map_Code_Only
X202q,Mural thrombus,CTV3Map_Code_And_Term
X202r,Post-infarction mural thrombus,CTV3_Children
X202s,Intracardiac thrombosis in low output state,CTV3_Children
X203E,Chronic cor pulmonale,CTV3Map_Code_And_Term
X203E,Chronic cor pulmonale,CTV3Map_Code_Only
X203H,Eisenmenger's syndrome,QOF
X203e,Coronary artery stenosis,QOF
X203k,Coronary embolus,QOF
X203v,Coronary artery thrombosis,CTV3Map_Code_And_Term
X203v,Coronary artery thrombosis,CTV3Map_Code_Only
X204f,Coronary artery dissection,High_Level_SNOMED
X204q,Coronary artery rupture,High_Level_SNOMED
X204x,Coronary artery perforation,High_Level_SNOMED
X205P,Coronary steal syndrome,High_Level_SNOMED
X207c,Congenital abnormality of great veins and coronary sinus,QOF
X40AV,Congenital heart disease in pregnancy,QOF
X708p,Severe scapuloperoneal muscular dystrophy wth cardiomyopathy,High_Level_SNOMED
X70MZ,Syphilitic coronary artery disease,High_Level_SNOMED
X776w,Right ventricular fibromuscular infundibular stenosis,QOF
X776x,Right ventricular muscular infundibular stenosis,QOF
X777h,Bicuspid doming of aortic cusp,QOF
X778Q,Coronary artery occluded,QOF
X778W,Coronary graft stenosis,QOF
X778X,Coronary graft occluded,QOF
X778j,Aortic root congenital abnormality,QOF
X77tW,Congenital heart disease,QOF
X77tX,Fusion of tricuspid valve cusps NEC,CTV3_Children
X77tY,Congenital insufficiency of heart valve NEC,CTV3Map_Code_Only
X77tZ,Hypoplasia of heart NOS,CTV3Map_Code_And_Term
X77ta,"Congenital heart disease, septal and bulbar anomalies",CTV3_Children
X77td,Congenital cardiac rotation,QOF
X77th,Congenital abnormality of relationship of cardiac component,QOF
X77ti,Abnormal relationship of right ventricle to left ventricle,QOF
X77tj,Criss-cross heart,QOF
X77tk,Abnormal relationship of aortic orifice to pulmonary orifice,QOF
X77tl,Mirror-imaged heart,QOF
X77tm,Congenital abnormality of cardiac connection,QOF
X77to,Abnormal atrioventricular connection,QOF
X77tp,Abnormal atrioventricular connection - biventricular,QOF
X77tq,Cor triloculare biventriculare,CTV3Map_Code_And_Term
X77tr,Discordant atrioventricular connection,QOF
X77tt,Ambiguous atrioventricular connection,QOF
X77tu,Absent atrioventricular connection with straddling valve,QOF
X77tv,Abnormal atrioventricular connection - univentricular,QOF
X77tw,Double inlet ventricle,QOF
X77tx,Double inlet right ventricle,QOF
X77ty,Double inlet left ventricle,QOF
X77tz,Double inlet to ventricle of indeterminate morphology,QOF
X77u0,Absent right sided atrioventricular connection,QOF
X77u1,Left sided atrium connecting to left ventricle,QOF
X77u2,Left sided atrium connecting to right ventricle,QOF
X77u3,Left sided atrium connecting to both ventricles,QOF
X77u4,Lt side atrium connecting ventricle indeterminate morphology,QOF
X77u5,Absent left sided atrioventricular connection,QOF
X77u6,Right sided atrium connecting to right ventricle,QOF
X77u7,Right sided atrium connecting to both ventricles,QOF
X77u8,Rt sided atrium connectng ventricle indeterminate morphology,QOF
X77u9,Abnormal ventriculoarterial connection,QOF
X77uB,Transposition of aorta,CTV3Map_Code_And_Term
X77uB,Transposition of aorta,CTV3Map_Code_Only
X77uC,Discordt ventric/arterial connct + concordt atriovent connct,CTV3_Children
X77uE,Double outlet rt ventricle + subaort ventriculr septl defect,CTV3_Children
X77uF,Double outlet rt vent + noncommitted ventriculr septl defect,CTV3_Children
X77uG,Double outlet rt vent + doubly commit ventric septal defect,CTV3_Children
X77uH,Double outlet left ventricle,QOF
X77uI,Double outlet from ventricle of indeterminate morphology,QOF
X77uJ,Single outlet ventriculoarterial connection,QOF
X77uL,Solitary aortic trunk with pulmonary atresia,QOF
X77uM,Solitary pulmonary trunk with aortic atresia,QOF
X77uN,Solitary arterial trunk,QOF
X77uV,Anomalous insertion right superior vena cava to left atrium,QOF
X77uX,Laevoatrial cardinal vein,QOF
X77uY,Absent bridging vein,QOF
X77uf,Inferior vena cava connecting to morphological left atrium,QOF
X77ug,Inferior vena cava connecting to coronary sinus,QOF
X77uj,Pulmonary vein abnormality,QOF
X77uk,Anomalous termination of right pulmonary vein,QOF
X77ul,Anomalous pulmonary venous connection,QOF
X77um,Obstructed pulmonary venous connection,QOF
X77un,Congenital pulmonary vein stenosis,QOF
X77uo,Coronary sinus abnormality,QOF
X77up,Coronary sinus defect in left atrium,QOF
X77uq,Absent coronary sinus,QOF
X77ur,Coronary sinus orifice atresia,QOF
X77us,Congenital coronary sinus stenosis,QOF
X77ut,Coronary sinus to left ventricle fistula,QOF
X77uu,Congenital aneurysm of coronary sinus,QOF
X77uv,Ductus venosus abnormality,QOF
X77uw,Patent ductus venosus,QOF
X77uy,Abnormal connection of hepatic vein to atrium,QOF
X77uz,Congenital abnormality of atria and atrial septum,QOF
X77v0,Isomerism of atrial appendages,QOF
X77v1,Isomerism of right appendage,QOF
X77v2,Isomerism of left appendage,QOF
X77v3,Mirror imaged atria,QOF
X77v6,Obstructive Eustachian valve,QOF
X77v7,Prolapse of Eustachian valve,QOF
X77v8,Anomalous valve of coronary sinus,QOF
X77v9,Filigreed network of venous valves,QOF
X77vB,Right atrial appendage absent,QOF
X77vC,Right atrial appendage - left - juxtaposition,QOF
X77vE,Right atrial endocardial fibroelastosis,QOF
X77vF,Right atrial hypoplasia,QOF
X77vK,Divided left atrium,QOF
X77vL,Supramitral left atrial ring,QOF
X77vN,Left atrial appendage absent,QOF
X77vO,Left atrial appendage - right - juxtaposition,QOF
X77vQ,Left atrial endocardial fibroelastosis,QOF
X77vR,Left atrial hypoplasia,QOF
X77vW,Premature closure of foramen ovale,QOF
X77vX,Foramen ovale valvar aneurysm,QOF
X77va,Interauricular septal defect,QOF
X77vc,Auricular septal defect NOS,QOF
X77vd,Sinus venosus defect,QOF
X77ve,Sinus venosus defect with overriding superior vena cava,QOF
X77vf,Sinus venosus defect with overriding inferior vena cava,QOF
X77vi,Atrioventricular septal defect - isolated atrial component,QOF
X77vj,Cong abnorm atrioventricular valves & av septal defect,QOF
X77vn,Tricuspid leaflet dysplasia,QOF
X77vo,Tricuspid annulus hypoplasia,QOF
X77vp,Dilatation of tricuspid annulus,QOF
X77vr,Overriding tricuspid valve,QOF
X77vs,Straddling tricuspid valve,QOF
X77vu,Absent tricuspid leaflet,QOF
X77vv,Double orifice of tricuspid valve,QOF
X77vx,True cleft of tricuspid leaflet,QOF
X77vz,Accessory tissue on tricuspid leaflet,QOF
X77w1,Arcade abnormality of tricuspid chordae tendinae,QOF
X77w2,Tricuspid chordae tendinae too short,QOF
X77w3,Tricuspid chordae tendinae too long,QOF
X77w4,Tricuspid chordae tendinae to outlet septum,QOF
X77w6,Parachute malformation of tricuspid valve,QOF
X77w7,Absent tricuspid papillary muscle,QOF
X77w8,Fused tricuspid papillary muscle,QOF
X77w9,Hypoplastic tricuspid papillary muscle,QOF
X77wB,Mitral atresia,QOF
X77wD,Mitral valve dysplasia,QOF
X77wE,Mitral leaflet dysplasia,QOF
X77wF,Mitral valve hypoplasia,QOF
X77wH,Overriding mitral valve,QOF
X77wJ,Straddling mitral valve,QOF
X77wM,Absent mitral leaflets,QOF
X77wN,Double orifice of mitral valve,QOF
X77wO,Ebstein-like downward displacement of mitral valve,QOF
X77wQ,True cleft of mitral leaflet,QOF
X77wS,Anterior leaflet of mitral valve attached to septum,QOF
X77wT,Accessory tissue on mitral leaflet,QOF
X77wV,Arcade abnormality of mitral chordae tendinae,QOF
X77wZ,Absent mitral papillary muscle,QOF
X77wa,Fused mitral papillary muscles,QOF
X77wb,Hypoplastic mitral papillary muscle,QOF
X77wc,Atrioventricular septal defect & common atriovent junction,QOF
X77we,Atrioventricular septal defect: isol ventricular component,QOF
X77wf,Atrioventriculr sept defect: atrial & ventricular components,QOF
X77wg,Atrioventricular septal defect - ventricular component,QOF
X77wh,Atriovent sept def - vent comp under sup bridging leaflet,QOF
X77wi,Atrioventricular septal defect - Rastelli A,QOF
X77wj,Atrioventricular septal defect - Rastelli B,QOF
X77wk,Atrioventricular septal defect - Rastelli C,QOF
X77wl,Atriovent sept def - vent comp under inf bridging leaflet,QOF
X77wm,Malaligned atrial septum,QOF
X77wn,Double outlet right atrium,QOF
X77wo,Double outlet left atrium,QOF
X77wr,Atresia of common atrioventricular valve,QOF
X77ws,Imperforate common atrioventricular valve,QOF
X77wt,Hypoplasia of common atrioventricular valve,QOF
X77wu,Dysplasia of common atrioventricular valve,QOF
X77ww,Common atrioventricular valve limited to one ventricle,QOF
X77wx,Dilatation of common atrioventricular valve annulus,QOF
X77wy,Common atrioventricular valve stenosis,QOF
X77wz,Common atrioventricular valve leaflet abnormality,QOF
X77x0,Common atrioventricular valve prolapse,QOF
X77x1,True cleft of common atrioventricular valve leaflet,QOF
X77x2,Accessory tissue on common atrioventricular valve leaflet,QOF
X77x3,Double orifice of common atrioventricular valve,QOF
X77x4,Triple orifice lt vent component com av valve,QOF
X77x5,Ebstein's anomaly of common atrioventricular valve,QOF
X77x7,Common atrioventricular valve chordae too short,QOF
X77x8,Common atrioventricular valve chordae too long,QOF
X77x9,Common atrioventricular valve chordae to outlet septum,QOF
X77xA,Arcade abnormality of common atrioventricular valve chordae,QOF
X77xC,Parachute malformation of common atrioventricular valve,QOF
X77xD,Absent common atrioventricular valve papillary muscle,QOF
X77xE,Fused common atrioventricular valve papillary muscle,QOF
X77xF,Hypoplastic common atrioventricular valve papillary muscle,QOF
X77xH,Right atrioventricular valve atresia,QOF
X77xI,Imperforate right atrioventricular valve,QOF
X77xJ,Right atrioventricular valve dysplasia,QOF
X77xK,Right atrioventricular valve hypoplasia,QOF
X77xM,Overriding right atrioventricular valve,QOF
X77xP,Straddling right atrioventricular valve,QOF
X77xR,Absent right atrioventricular valve leaflets,QOF
X77xS,Double orifice of right atrioventricular valve,QOF
X77xT,Ebstein's anomaly of right atrioventricular valve,QOF
X77xV,True cleft of right atrioventricular valve leaflet,QOF
X77xW,Accessory tissue on right atrioventricular valve leaflet,QOF
X77xX,Right atrioventricular valve leaflet dysplasia,QOF
X77xb,Right atrioventricular valve chordae to outlet septum,QOF
X77xc,Arcade abnormality of right atrioventricular valve chordae,QOF
X77xe,Parachute malformation of right atrioventricular valve,QOF
X77xf,Absent right atrioventricular valve papillary muscle,QOF
X77xg,Fused right atrioventricular valve papillary muscles,QOF
X77xh,Hypoplastic right atrioventricular valve papillary muscle,QOF
X77xj,Left atrioventricular valve atresia,QOF
X77xk,Imperforate left atrioventricular valve,QOF
X77xl,Left atrioventricular valve dysplasia,QOF
X77xm,Left atrioventricular valve hypoplasia,QOF
X77xo,Overriding left atrioventricular valve,QOF
X77xr,Straddling left atrioventricular valve,QOF
X77xt,Absent left atrioventricular valve leaflets,QOF
X77xu,Double orifice of left atrioventricular valve,QOF
X77xv,Ebstein's anomaly of left atrioventricular valve,QOF
X77xx,True cleft of left atrioventricular valve leaflet,QOF
X77xy,Accessory tissue on left atrioventricular valve leaflet,QOF
X77xz,Left atrioventricular valve leaflet dysplasia,QOF
X77y3,Left atrioventricular valve chordae to outlet septum,QOF
X77y4,Arcade abnormality of left atrioventricular valve chordae,QOF
X77y6,Parachute malformation of left atrioventricular valve,QOF
X77y7,Absent left atrioventricular valve papillary muscle,QOF
X77y8,Fused left atrioventricular valve papillary muscles,QOF
X77y9,Hypoplastic left atrioventricular valve papillary muscle,QOF
X77yA,Congenital abnormality of ventricles and ventricular septum,QOF
X77yB,Tetralogy of Fallot with pulmonary stenosis,CTV3_Children
X77yC,Tetralogy of Fallot with pulmonary atresia,CTV3_Children
X77yD,Dextraposition of aorta in Fallot's tetralogy,CTV3Map_Code_And_Term
X77yD,Dextraposition of aorta in Fallot's tetralogy,CTV3Map_Code_Only
X77yE,Ventricular septal defect in Fallot's tetralogy,CTV3Map_Code_And_Term
X77yE,Ventricular septal defect in Fallot's tetralogy,CTV3Map_Code_Only
X77yG,Right ventricular hypoplasia,QOF
X77yH,Diffuse hypoplasia of right ventricle,QOF
X77yI,Hyoplasia of right ventricular inflow tract,QOF
X77yJ,Hypoplasia of right ventricular outflow tract,QOF
X77yK,Hypoplasia rt vent outflow tract and trabecular area,QOF
X77yN,Primary right ventricular endocardial fibroelastosis,QOF
X77yO,Two chambered right ventricle,QOF
X77yP,Congenital right ventricular diverticulum,QOF
X77yQ,Congenital right ventricular aneurysm,QOF
X77yR,Arrythmogenic right ventricular dysplasia,QOF
X77yS,Right ventricular outflow tract abnormality,QOF
X77yT,Right ventricular outflow tract obstruction,CTV3Map_Code_And_Term
X77yU,Right ventricular outflow obstruction - localised,CTV3_Children
X77yV,Right ventricular outflow obstruction - tubular,CTV3_Children
X77yW,Right ventricular outflow tract atresia,QOF
X77yX,Right ventricular outflow tract absent,QOF
X77yZ,Left ventricular hypoplasia,QOF
X77ya,Diffuse hypoplasia of left ventricle,QOF
X77yb,Hyoplasia of left ventricular inflow tract,QOF
X77yc,Hypoplasia of left ventricular outflow tract,QOF
X77yd,Hypoplasia lt ventricular outflow tract and trabecular area,QOF
X77yg,Abnormal left ventricular muscle band,QOF
X77yh,Primary left ventricular endocardial fibroelastosis,QOF
X77yi,Congenital left ventricular aneurysm,QOF
X77yj,Left ventricular outflow tract abnormality,QOF
X77yk,Left ventricular outflow tract obstruction,QOF
X77yl,Left ventricular outflow tract atresia,QOF
X77ym,Indeterminate ventricular outflow tract obstruction,QOF
X77yo,Multiple ventricular septal defects,QOF
X77yp,Restrictive ventricular septal defect,QOF
X77yq,Perimembranous ventricular septal defect,QOF
X77yr,Perimembr vent sept def extension to rt ventricular inlet,QOF
X77ys,Perimemb vent sep def - extens rt vent trabecular component,QOF
X77yt,Perimembr vent sept def - extension rt ventricular outlet,QOF
X77yu,Perimembr vent sept def - extens to all rt vent components,QOF
X77yv,Vent septal defect with malaligned outlet septum to right,QOF
X77yw,Vent sept def malalign outlet septum to rt overrid aort valv,QOF
X77yx,Vsd with malalign outlt septm to rt overrid pulmonary valve,QOF
X77yy,Ventr septal defect with malaligned outlet septum to left,QOF
X77yz,Vent sept def malalign outlt septm lt overrid aortic valve,QOF
X77z0,Vent sep def with malalign outlt septm lt overrid pulm valve,QOF
X77z1,Vent sept def malalign outlt septm & overrid truncal valve,QOF
X77z2,Muscular ventricular septal defect,QOF
X77z3,Muscular ventricular septal defect in inlet septum,QOF
X77z4,Muscular ventriculr septal defect central trabecular septum,QOF
X77z5,Musculr ventriculr septal defect in apical trabecular septum,QOF
X77z6,Muscular ventricular septal defect in marginal septum,QOF
X77z7,Muscular ventricular septal defect in outlet septum,QOF
X77z8,Multiple trabecular ventricular septal defect,QOF
X77z9,Doubly committed subarterial ventricular septal defect,QOF
X77zA,Doubl commit subart vent sept def - membranous septum exten,QOF
X77zB,Doubl commit subartl vent sept deft with musc post inf rim,QOF
X77zC,Giant ventricular septal defect,QOF
X77zD,Abnormal infundibular morphology,QOF
X77zE,Subpulmonary infundibulum,QOF
X77zF,Subaortic infundibulum,QOF
X77zG,Bilateral muscular infundibula,QOF
X77zH,Bilateral deficient infundibula,QOF
X77zK,Congenital abnormality of arterial valves,QOF
X77zL,Truncal valve abnormality,QOF
X77zM,Truncal valve dysplasia,QOF
X77zN,Truncal valve stenosis,QOF
X77zO,Truncal valve regurgitation,QOF
X77zP,Truncal valve prolapse,QOF
X77zQ,Accessory tissue on truncal valve cusp,QOF
X77zR,Pulmonary valve cusp hypoplasia,QOF
X77zS,Pulmonary valve ring hypoplasia,QOF
X77zT,Commissural fusion of pulmonary valve,QOF
X77zU,Pulmonary valve dysplasia,QOF
X77zV,Pulmonary valve atresia,QOF
X77zX,Pulmonary atresia with intact ventricular septum,QOF
X77zY,Pulmonary atresia with ventricular septal defect,QOF
X77zZ,Pulmonary valve atresia without ventricular outflow tract,QOF
X77za,Imperforate pulmonary valve,QOF
X77zc,Muscular pulmonary atresia,QOF
X77zf,Absent pulmonary valve,QOF
X77zg,Absent pulmonary valve syndrome,QOF
X77zh,Accessory tissue on pulmonary valve cusp,QOF
X77zi,Unicuspid pulmonary valve,QOF
X77zj,Bicuspid pulmonary valve,QOF
X77zk,Quadricuspid pulmonary valve,QOF
X77zm,Aortic valve ring hypoplasia,CTV3Map_Code_Only
X77zn,Commissural fusion of aortic valve,QOF
X77zo,Eccentric opening of aortic valve,QOF
X77zr,Aortic valve atresia,QOF
X77zs,Imperforate aortic valve,QOF
X77zu,Aortic valve absent,QOF
X77zw,Hypoplasia of aortic valve cusp,QOF
X77zx,Accessory tissue on aortic valve cusp,QOF
X77zy,Abnormal number of aortic valve cusps,QOF
X77zz,Unicuspid aortic valve,QOF
X7800,Quadricuspid aortic valve,QOF
X7802,Congenital dilatation of aorta,QOF
X7803,Tubular hypoplasia of aorta,QOF
X7804,Anomalies of the aorta excluding coarction,QOF
X7807,Type I common arterial trunk,CTV3_Children
X7808,Type II common arterial trunk,CTV3_Children
X7809,Type III common arterial trunk,CTV3_Children
X780A,Aortopulmonary window,CTV3_Children
X780C,Pulmonary trunk stenosis,QOF
X780D,Pulmonary trunk hypoplasia,QOF
X780E,Pulmonary trunk atresia,QOF
X780F,Pulmonary atresia with confluent pulmonary arteries,QOF
X780G,Pulmonary atresia with absent pulmonary artery,QOF
X780H,Pulmonary trunk absent,QOF
X780I,Pulmonary trunk absent with confluent pulmonary arteries,QOF
X780J,Pulmonary trunk absent with non-confluent pulmonary arteries,QOF
X780K,Pulmonary trunk absent with absent pulmonary artery,QOF
X780N,Peripheral pulmonary artery stenosis,CTV3_Children
X780O,Pulmonary artery dilatation,QOF
X780P,Abnormal origin of pulmonary artery,QOF
X780Q,Abnormal origin of right pulmonary artery,QOF
X780R,Origin of right pulmonary artery from ductus arteriosus,QOF
X780S,Origin of right pulmonary artery from ascending aorta,QOF
X780T,Abnormal origin of left pulmonary artery,QOF
X780U,Origin of left pulmonary artery from ductus arteriosus,QOF
X780V,Origin of left pulmonary artery from ascending aorta,QOF
X780W,Origin of left pulmonary artery from right pulmonary artery,QOF
X780a,Diffuse supravalvar aortic stenosis,QOF
X780b,Ascending aortic hypoplasia,QOF
X780c,Ascending aortic atresia,QOF
X780d,Ascending aorta absent,QOF
X780f,Congenital aneurysm of ascending aorta,QOF
X780i,Aortic tunnel,QOF
X780j,Aorta to left ventricle tunnel,QOF
X780k,Aorta to right ventricle tunnel,QOF
X780m,Right descending aorta,QOF
X780n,Left aortic arch and right descending aorta,QOF
X780o,Right aortic arch and right descending aorta,QOF
X780q,Right aortic arch and left descending aorta,QOF
X780r,Aortic arch centrally descending,QOF
X780s,Cervical aortic arch,QOF
X780t,Persisting fifth aortic arch,QOF
X780u,Vascular ring - disorder,QOF
X780v,Double aortic arch with both patent,QOF
X780w,Double aortic arch with unilateral hypoplasia,QOF
X780x,Double aortic arch with unilateral atresia,QOF
X780y,Vascular ring with left aortic arch,QOF
X780z,Vascular ring with right aortic arch,QOF
X7810,Vascular ring components,QOF
X7812,Aberrant subclavian artery,QOF
X7813,Aberrant retro-oesophageal subclavian artery,QOF
X7814,Isolation of subclavian artery,QOF
X7817,Retro-oesophageal right descending aorta,QOF
X781C,Preductal aortic stenosis,QOF
X781D,Preductal interruption of aorta,QOF
X781E,Preductal hypoplasia of aorta,QOF
X781F,Juxtaductal aortic coarctation,QOF
X781G,Postductal aortic stenosis,QOF
X781H,Postductal interruption of aorta,QOF
X781I,Thoracic aortic coarctation,QOF
X781K,Kinking of descending aorta,QOF
X781L,Tubular aortic arch hypoplasia,QOF
X781M,Postductal hypoplasia of aorta,QOF
X781N,Aortic arch atresia,QOF
X781O,Interrupted aortic arch distal to left subclavian artery,QOF
X781P,Interrup aort arch betw lt subclavian & lt comm carotid art,QOF
X781Q,Interr aort arch betw lt com carotid & brachiocephal artery,QOF
X781b,Collaterals to pulmonary arteries,QOF
X781c,Major aortopulmonary collateral artery,QOF
X781d,Systemic to pulmonary collateral artery,QOF
X781e,Stenosis of systemic to pulmonary artery collateral artery,QOF
X781o,Anomalous coronary artery origin,QOF
X781p,Variant coronary origin from aortic sinus,QOF
X781q,Variant coronary origin from left sinus,QOF
X781r,Variant coronary origin from right sinus,QOF
X781s,Coronary artery origin from non-facing sinus,QOF
X781t,Anom origin lt ant descending from right coronary artery,QOF
X781u,Anomalous origin coronary art from pulmonary arterial tree,QOF
X781v,Anomal origin coron artery from right pulmonary artery,QOF
X781w,Anomal origin coronary artery from left pulmonary artery,QOF
X781x,Abnormal coronary orifice,High_Level_SNOMED
X781y,Coronary orifice abnormally high,QOF
X781z,Coronary orifice asymmetrical,QOF
X7820,Dual coronary orifice,QOF
X7821,Coronary orifice stenosis,QOF
X7822,Coronary orifice atresia,QOF
X7823,Abnormal coronary artery course,QOF
X7824,Intramural coronary artery course,QOF
X7825,Lt ant descending runs across rt ventricular outflow tract,QOF
X7826,Coronary artery runs between aorta and pulmonary trunk,QOF
X7827,Circumflex runs posterior to pulmonary trunk,QOF
X7828,Circumflex runs posterior to aorta,QOF
X7829,Coronary artery fistula,High_Level_SNOMED
X782A,Congenital coronary arteriovenous fistula,QOF
X782B,Single coronary artery fistula,High_Level_SNOMED
X782C,Multiple coronary artery fistulae,High_Level_SNOMED
X782D,Coronary fistulae from right ventricle,QOF
X782E,Coronary fistulae from left ventricle,QOF
X782F,Congenital coronary artery calcification,QOF
X782M,Totally absent pericardium,QOF
X79u6,Directional atherectomy,High_Level_SNOMED
X90Qa,Open intracoronary repair of coronary artery fistula,CTV3_Children
X90WS,Coronary inclusion technique,CTV3_Children
X90WT,Coronary interposition technique,CTV3_Children
XA0Ae,Transection of coronary artery,High_Level_SNOMED
XC0I6,Malaligned outlet septum,QOF
XC0MC,Common ventricle,CTV3Map_Code_And_Term
XC0bX,Aneurysm of membranous septum,CTV3_Children
XE0Em,Coronary artery operation,CTV3Map_Code_And_Term
XE0Em,Coronary artery operation,CTV3Map_Code_Only
XE0En,Double anastomosis of mammary arteries to coronary arteries,CTV3Map_Code_And_Term
XE0Ue,Hypertensive heart disease NOS without CCF,QOF
XE0Uh,Acute myocardial infarction,CTV3Map_Code_And_Term
XE0Uh,Acute myocardial infarction,CTV3Map_Code_Only
XE0Ui,Worsening angina,CTV3Map_Code_And_Term
XE0Ui,Worsening angina,CTV3Map_Code_Only
XE0Uk,Other cardiac wall aneurysm,CTV3_Children
XE0Un,Chronic pulmonary heart disease NOS,CTV3Map_Code_And_Term
XE0Un,Chronic pulmonary heart disease NOS,CTV3Map_Code_Only
XE0Uy,Obscure African cardiomyopathy,High_Level_SNOMED
XE0Uz,Congestive cardiomyopathy,CTV3Map_Code_Only
XE0V0,Nutritional and metabolic cardiomyopathy NOS,High_Level_SNOMED
XE0V1,Secondary cardiomyopathy NOS,CTV3Map_Code_Only
XE0V8,Biventricular failure,CTV3Map_Code_And_Term
XE0V8,Biventricular failure,CTV3Map_Code_Only
XE0V9,Heart failure NOS,CTV3Map_Code_And_Term
XE0V9,Heart failure NOS,CTV3Map_Code_Only
XE0Vo,Rheumatic heart disease: [chronic] or [valvular],QOF
XE0Vq,Rheumatic mitral valve disease (& [chronic]),QOF
XE0Vu,Rheumatic aortic valve disease (& [chronic]),QOF
XE0Vw,Other chronic rheumatic heart,CTV3_Children
XE0WA,Myocardial infarction (& [acute]) or coronary thrombosis,CTV3_Children
XE0WC,Acute/subacute ischaemic heart disease NOS,CTV3_Children
XE0WE,Heart disease: [arteriosclerotic] or [chronic ischaemic NOS],CTV3_Children
XE0WG,Chronic ischaemic heart disease NOS,CTV3_Children
XE0WM,(Chronic cor pulmonale) or (pulmonary heart disease NOS),High_Level_SNOMED
XE0Wa,Cardmyopath (& [conges obst][hyper obst]) or endmyocard fibr,High_Level_SNOMED
XE0Wo,(Conges card fail)(dropsy)(card insuf)(R hrt fail)(LV fail),CTV3_Children
XE1KA,Bulbus cordis and cardiac septal closure anomalies,CTV3_Children
XE1KB,Other specified transposition of great vessels,CTV3Map_Code_And_Term
XE1KB,Other specified transposition of great vessels,CTV3Map_Code_Only
XE1KC,Great vessel transposition NOS,CTV3Map_Code_And_Term
XE1KC,Great vessel transposition NOS,CTV3Map_Code_Only
XE1KD,"Tetralogy of Fallot, unspecified",CTV3Map_Code_And_Term
XE1KD,"Tetralogy of Fallot, unspecified",CTV3Map_Code_Only
XE1KG,Right hypoplastic heart syndrome,CTV3Map_Code_And_Term
XE1KG,Right hypoplastic heart syndrome,CTV3Map_Code_Only
XE1KH,Congenital abnormality of cardiac position,QOF
XE1KJ,Fusion of heart valve cusps NEC,CTV3_Children
XE1KK,Cyanotic congenital heart disease NOS,CTV3Map_Code_And_Term
XE1KK,Cyanotic congenital heart disease NOS,CTV3Map_Code_Only
XE1KL,Other anomalies of aorta,QOF
XE1KM,Double aortic arch,QOF
XE1KN,Hypoplasia of aorta,QOF
XE1KO,Supravalvar aortic stenosis,QOF
XE1KP,Congenital aneurysm of aorta,QOF
XE1KQ,Pulmonary artery stenosis,CTV3Map_Code_And_Term
XE1KQ,Pulmonary artery stenosis,CTV3Map_Code_Only
XE1KS,Partial anomalous pulmonary venous connection,QOF
XE1KT,Other great vein anomalies,QOF
XE1NA,(Congen anom CVS) or (congen heart dis) or (cong def heart),QOF
XE1NE,(Bulbus/septum anom NOS) or (transposition of great vessels),QOF
XE1NG,Congenital heart: [anomaly NOS][valve][valvular heart dis],QOF
XE1p9,Cardiac insufficiency as a complication of care,CTV3Map_Code_And_Term
XE1p9,Cardiac insufficiency as a complication of care,CTV3Map_Code_Only
XE1tl,(Post-operative problem NOS) or (postcardiotomy syndrome),QOF
XE2Px,Single anastomosis of mammary artery to coronary artery NEC,CTV3Map_Code_And_Term
XE2Px,Single anastomosis of mammary artery to coronary artery NEC,CTV3Map_Code_Only
XE2QG,Left ventricular failure,CTV3Map_Code_And_Term
XE2QG,Left ventricular failure,CTV3Map_Code_Only
XE2Qh,Aortopulmonary septal anomaly,CTV3Map_Code_And_Term
XE2Qh,Aortopulmonary septal anomaly,CTV3Map_Code_Only
XE2Qi,Anomalous coronary artery communication,QOF
XE2Rv,(Ventricular septal defect) or (Eisenmenger defect),QOF
XE2aA,Old myocardial infarction,CTV3Map_Code_And_Term
XE2aA,Old myocardial infarction,CTV3Map_Code_Only
XE2r7,Coronary A by-pass anastam NOS,CTV3_Children
XE2uV,Ischaemic heart disease,CTV3Map_Code_And_Term
XE2uV,Ischaemic heart disease,CTV3Map_Code_Only
XE2uq,Aortic septal defect,CTV3Map_Code_Only
XE2ur,Dextraposition of aorta,CTV3Map_Code_And_Term
XE2ur,Dextraposition of aorta,CTV3Map_Code_Only
XE2vv,Preductal aortic coarctation,QOF
XE2vw,Postductal aortic coarctation,QOF
XE2vz,Common atrium,CTV3Map_Code_Only
XM00Q,Cong abnormality of thoracic aorta and pulmonary arteries,QOF
XM0rN,Coronary atherosclerosis,CTV3Map_Code_And_Term
XM0rN,Coronary atherosclerosis,CTV3Map_Code_Only
XM0v4,Congenital heart valve abnormality,QOF
XM1GB,Divided right atrium,QOF
XM1LR,LIMA single anastomosis,CTV3Map_Code_And_Term
XM1LR,LIMA single anastomosis,CTV3Map_Code_Only
XM1LS,RIMA single anastomosis,CTV3Map_Code_And_Term
XM1LS,RIMA single anastomosis,CTV3Map_Code_Only
XM1Le,Myocardial revascularisation,CTV3_Children
XM1M3,LIMA sequential anastomosis,CTV3Map_Code_Only
XM1M4,RIMA sequential anastomosis,CTV3Map_Code_Only
XM1Qk,Mural cardiac aneurysm,CTV3_Children
XM1Qn,Impaired left ventricular function,CTV3Map_Code_And_Term
XM1Qn,Impaired left ventricular function,CTV3Map_Code_Only
XM1Qp,Cardiomegaly - hypertensive,QOF
XM1Qw,Blue baby,CTV3Map_Code_And_Term
XM1Qw,Blue baby,CTV3Map_Code_Only
XSDT6,Coronary artery atheroma,CTV3_Children
Xa07h,Neonatal cardiac failure,High_Level_SNOMED
Xa07j,Myocardial ischaemia of newborn,CTV3_Children
Xa07k,Transient myocardial ischaemia of newborn,CTV3_Children
Xa0Kw,Coronary artery graft placement,CTV3_Children
Xa0RY,Percutaneous embolisation of coronary artery fistula,CTV3_Children
Xa0TT,Sepsis-associated left ventricular failure,High_Level_SNOMED
Xa0TU,Sepsis-associated right ventricular failure,High_Level_SNOMED
Xa0YL,Acute anterior myocardial infarction,CTV3_Children
Xa0aP,Percutaneous removal of foreign body from coronary artery,CTV3_Children
Xa1dP,Ischaemic myocardial dysfunction,QOF
Xa1dQ,Stunned myocardium,QOF
Xa1dR,Hibernating myocardium,QOF
Xa1fq,Arrhythmogenic right ventricular cardiomyopathy,High_Level_SNOMED
Xa3fK,Chronic rheumatic mitral valve,QOF
Xa3fN,Chronic rheumatic aortic valve disease,QOF
Xa3hW,Septal defect NOS,CTV3_Children
Xa3kl,Heart - arterial implant NOS,CTV3_Children
Xa3km,Indirect heart revascularisation,CTV3_Children
Xa3kp,Ligation of coronary arteriovenous fistula,CTV3_Children
Xa3ks,Heart internal mammary artery implant,CTV3_Children
Xa6Yx,Left ventricular aneurysm,CTV3_Children
Xa7lV,Carotid atherosclerosis,CTV3_Children
Xa7nH,Exercise-induced angina,CTV3Map_Code_And_Term
Xa9Bp,Muscular dystrophy - cardiac type,High_Level_SNOMED
Xa9Cm,Abnormal number of pulmonary valve cusps,QOF
Xa9Qh,Jatene procedure,CTV3_Children
XaAC3,Acute Q wave myocardial infarction,CTV3Map_Code_And_Term
XaAzi,Acute non-Q wave infarction,CTV3Map_Code_And_Term
XaBEB,[V]Presence of coronary artery bypass graft,CTV3Map_Code_And_Term
XaBEB,[V]Presence of coronary artery bypass graft,CTV3Map_Code_Only
XaBL1,H/O: Myocardial infarction in last year,CTV3Map_Code_And_Term
XaBL2,H/O: Angina in last year,CTV3Map_Code_And_Term
XaBL4,H/O: Treatment for ischaemic heart disease,CTV3Map_Code_And_Term
XaBLr,Antianginal therapy,CTV3Map_Code_And_Term
XaBLt,Cardiac failure therapy,CTV3Map_Code_And_Term
XaBtO,Right ventricular thrombus,CTV3_Children
XaBtP,Left ventricular thrombus,CTV3_Children
XaBwi,H/O: Heart failure in last year,CTV3Map_Code_And_Term
XaC2P,Persistent truncus arteriosus,CTV3Map_Code_And_Term
XaC2P,Persistent truncus arteriosus,CTV3Map_Code_Only
XaC2Q,Aortocoronary bypass grafting,CTV3_Children
XaCIn,Division of coronary arteriovenous fistula,CTV3_Children
XaD2b,Postoperative myocardial infarction,CTV3Map_Code_And_Term
XaD2d,Postoperative transmural myocardial infarction anterior wall,CTV3Map_Code_And_Term
XaD2e,Postoperative transmural myocardial infarction inferior wall,CTV3Map_Code_And_Term
XaD2f,Postoperative transmural myocardial infarction other sites,CTV3_Children
XaD2g,Postoperative transmural myocardial infarction unspec site,CTV3Map_Code_And_Term
XaD2h,Postoperative subendocardial myocardial infarction,CTV3Map_Code_And_Term
XaD2i,"Postoperative myocardial infarction, unspecified",CTV3Map_Code_And_Term
XaDki,Men ret congen heart dis blepharophim blepharop hypopl teeth,QOF
XaDyY,Congenital anomaly of aorta,QOF
XaEXt,Post infarct angina,CTV3Map_Code_And_Term
XaEgY,Refractory heart failure,CTV3_Children
XaEgZ,Non-Q wave myocardial infarction,CTV3_Children
XaFsG,Refractory angina,CTV3Map_Code_And_Term
XaFsH,Transient myocardial ischaemia,CTV3Map_Code_And_Term
XaFx7,Diab mellit insulin-glucose infus acute myocardial infarct,CTV3Map_Code_And_Term
XaG1Q,Asymptomatic coronary heart disease,CTV3Map_Code_And_Term
XaI9b,Cardiomyopathy in Duchenne muscular dystrophy,CTV3Map_Code_And_Term
XaI9h,Coronary heart disease annual review,CTV3Map_Code_And_Term
XaIIq,Left ventricular systolic dysfunction,CTV3Map_Code_And_Term
XaINF,Acute coronary syndrome,CTV3Map_Code_And_Term
XaIOW,Coronary heart disease review,CTV3Map_Code_And_Term
XaIQM,Heart failure follow-up,CTV3Map_Code_And_Term
XaIQN,Heart failure annual review,CTV3Map_Code_And_Term
XaIf1,First myocardial infarction,CTV3_Children
XaIfL,Coronary heart disease medication review,CTV3Map_Code_And_Term
XaIpn,Heart failure confirmed,CTV3Map_Code_And_Term
XaItG,Left ventricular diastolic dysfunction,CTV3Map_Code_And_Term
XaIvK,Coronary heart disease monitoring 1st letter,QOF
XaIvL,Coronary heart disease monitoring 2nd letter,QOF
XaIvM,Coronary heart disease monitoring 3rd letter,QOF
XaIvN,Coronary heart disease monitoring verbal invitation,QOF
XaIwM,Acute ST segment elevation myocardial infarction,CTV3Map_Code_And_Term
XaIwY,Acute non-ST segment elevation myocardial infarction,CTV3Map_Code_And_Term
XaJ4J,Exception reporting: CHD quality indicators,QOF
XaJ4L,Excepted from CHD quality indicators: Patient unsuitable,QOF
XaJ4M,Excepted from CHD quality indicators: Informed dissent,QOF
XaJ98,Echocardiogram shows left ventricular systolic dysfunction,CTV3Map_Code_And_Term
XaJ99,Echocardiogram shows left ventricular diastolic dysfunction,CTV3Map_Code_And_Term
XaJ9G,New York Heart Association classification - class I,CTV3Map_Code_And_Term
XaJ9H,New York Heart Association classification - class II,CTV3Map_Code_And_Term
XaJ9I,New York Heart Association classification - class III,CTV3Map_Code_And_Term
XaJ9J,New York Heart Association classification - class IV,CTV3Map_Code_And_Term
XaJIU,Coronary artery bypass graft occlusion,CTV3Map_Code_And_Term
XaJJv,Cardiothoracic transplantation,CTV3Map_Code_And_Term
XaJX0,Acute posterolateral myocardial infarction,CTV3Map_Code_And_Term
XaKNW,Admit heart failure emergency,CTV3Map_Code_And_Term
XaKyd,Myocardial bridge of coronary artery,QOF
XaL1C,Transfer of care from paediatric congenital heart service,CTV3Map_Code_And_Term
XaLN7,Heart failure review completed,CTV3Map_Code_And_Term
XaLNA,Heart failure care plan discussed with patient,CTV3Map_Code_And_Term
XaLSD,Insertion of drug-eluting coronary artery stent,CTV3_Children
XaLeo,Left ventricle aorta tunnel right ventricle pul art val con,CTV3Map_Code_And_Term
XaLep,Atrial switch and arterial switch,CTV3Map_Code_And_Term
XaLev,Percutaneous transluminal chemical mediated septal ablation,High_Level_SNOMED
XaLf7,Repair double outlet right ventricle intraventricular tunnel,CTV3_Children
XaLfL,Repair of univentricular heart,CTV3Map_Code_And_Term
XaLfM,Total cavopulmonary con extrac inf cav vein pulmon art con,CTV3Map_Code_And_Term
XaLfN,Total cavopulmonary connection with lateral atrial tunnel,CTV3Map_Code_And_Term
XaLfO,Radical aortopulmonary reconstr systemic-to-pulmon art shunt,CTV3Map_Code_And_Term
XaLfQ,Biventricular repair of hypoplastic left heart syndrome,CTV3Map_Code_And_Term
XaLfS,Conversion atrial pulmonary anastomosis total pulmon connect,CTV3Map_Code_And_Term
XaLfT,Other specified repair of univentricular heart,CTV3Map_Code_And_Term
XaLfU,Repair of univentricular heart NOS,CTV3Map_Code_And_Term
XaLfW,Relief of right ventricular outflow tract obstruction,CTV3Map_Code_And_Term
XaLfX,Repair of double chambered right ventricle,CTV3Map_Code_And_Term
XaLg5,Repair of rupture of coronary artery,CTV3_Children
XaLg6,Repair of arteriovenous malformation of coronary artery,CTV3Map_Code_And_Term
XaLgU,Perc translumin balloon angioplasty stenting coronary artery,CTV3_Children
XaLgV,Perc translum ball angio insert 1-2 drug elut stents cor art,CTV3_Children
XaLgW,Perc tran ball angio ins 3 or more drug elut stents cor art,CTV3_Children
XaLgX,Perc translum balloon angioplasty insert 1-2 stents cor art,CTV3_Children
XaLgY,Percutaneous cor balloon angiop 3 more stents cor art NEC,CTV3_Children
XaLgZ,OS perc translumina balloon angioplast stenting coronary art,CTV3_Children
XaLga,Perc translum balloon angioplasty stenting coronary art NOS,CTV3_Children
XaLon,Heart failure 6 month review,CTV3Map_Code_And_Term
XaLqp,Congenital heart condition monitoring,CTV3Map_Code_And_Term
XaMFr,Heart failure monitoring telephone invite,QOF
XaMGk,Coronary heart disease monitoring telephone invite,QOF
XaMGo,Heart failure monitoring verbal invite,QOF
XaMGs,Heart failure monitoring first letter,QOF
XaMGt,Heart failure monitoring second letter,QOF
XaMGu,Heart failure monitoring third letter,QOF
XaMJ9,Exception reporting: heart failure quality indicators,QOF
XaMJA,Excepted heart failure quality indicators: Patient unsuitabl,QOF
XaMJB,Excepted heart failure quality indicators: Informed dissent,QOF
XaMK5,Repair of tetralogy of Fallot using transannular patch,CTV3Map_Code_And_Term
XaMK6,Repair of tetralogy of Fallot with absent pulmonary valve,CTV3Map_Code_And_Term
XaMK7,Repair Fallot-type pulmonary atresia aortopulmonary collater,CTV3Map_Code_And_Term
XaMKA,Other repair of transposition of great arteries,CTV3Map_Code_And_Term
XaMKB,Repositioning of transposed great arteries,CTV3Map_Code_And_Term
XaMKC,OS other repair of transposition of great arteries,CTV3_Children
XaMKD,Other repair of transposition of great arteries NOS,CTV3Map_Code_And_Term
XaMKE,Percut translum cutting balloon angioplasty coronary artery,CTV3_Children
XaMqN,Atrial inversion operations for transposition of great art,CTV3Map_Code_And_Term
XaMqN,Atrial inversion operations for transposition of great art,CTV3Map_Code_Only
XaMzU,Review of patient at risk from coronary heart disease,CTV3_Children
XaNxN,Admit ischaemic heart disease emergency,CTV3Map_Code_And_Term
XaO5n,Congestive heart failure due to valvular disease,CTV3Map_Code_And_Term
XaOiT,Congenital dextroposition of heart,QOF
XaPiK,High risk of heart failure screening invitation,CTV3Map_Code_And_Term
XaPr5,Aortopulm reconstruct with systemic to pulmon arterial shunt,CTV3Map_Code_And_Term
XaPx1,Excepted CVD quality indicators: informed dissent,QOF
XaQk7,History of myocardial infarction,CTV3Map_Code_And_Term
XaQk7,History of myocardial infarction,CTV3Map_Code_Only
XaR8o,Heart failure resolved,CTV3Map_Code_And_Term
XaRFL,Exception reporting: myocardial infarction quality indicator,CTV3Map_Code_And_Term
XaRFO,Exc myocard infarction quality indicators: informed dissent,CTV3Map_Code_And_Term
XaRFP,Exc myocar infarction quality indicators: patient unsuitable,CTV3Map_Code_And_Term
XaVvs,Coronary artery bypass graft operation planned,CTV3Map_Code_And_Term
XaWye,Takotsubo cardiomyopathy,High_Level_SNOMED
XaWyi,Heart failure with normal ejection fraction,CTV3Map_Code_And_Term
XaWyi,Heart failure with normal ejection fraction,CTV3Map_Code_Only
XaX1p,Coronary angioplasty planned,CTV3Map_Code_And_Term
XaXIR,Referral to heart failure education group declined,CTV3Map_Code_And_Term
XaXLu,Worsening pulmonary oedema,CTV3Map_Code_And_Term
XaXNg,Tachycardia-induced cardiomyopathy,High_Level_SNOMED
XaXew,Angina self management plan commenced,CTV3Map_Code_And_Term
XaXex,Angina self management plan completed,CTV3Map_Code_And_Term
XaXgq,Referral to heart failure exercise programme declined,CTV3Map_Code_And_Term
XaXgs,Referral to heart failure exercise programme not indicated,CTV3Map_Code_And_Term
XaXkR,Has heart failure management plan,CTV3Map_Code_And_Term
XaXnr,Frequency of angina,CTV3Map_Code_And_Term
XaXzw,Preferred place of care for next exacerbation heart failure,CTV3Map_Code_And_Term
XaYYq,Coronary microvascular disease,CTV3Map_Code_And_Term
XaYYr,Right ventricular diastolic dysfunction,CTV3Map_Code_And_Term
XaYYs,Diastolic dysfunction,CTV3Map_Code_And_Term
XaYae,Angina self-management plan review,CTV3Map_Code_And_Term
XaYb7,Angina self-management plan agreed,CTV3Map_Code_And_Term
XaYbC,Heart failure self-management plan agreed,CTV3Map_Code_And_Term
XaYft,Education about deteriorating heart failure,CTV3Map_Code_And_Term
XaZKd,H/O acute coronary syndrome,CTV3Map_Code_And_Term
XaZSy,Percutaneous coronary intervention,CTV3_Children
XaZcx,Amyloid cardiomyopathy,High_Level_SNOMED
XaZih,Heart failure clinical pathway,CTV3Map_Code_And_Term
XaZlp,Referral to Angina Plan self-management programme,CTV3Map_Code_And_Term
XaZlr,Referral to Angina Plan self-management programme declined,CTV3Map_Code_And_Term
XaaH6,Referral to rapid access heart failure clinic,CTV3Map_Code_And_Term
XaaUg,Emergency percutaneous coronary intervention,CTV3_Children
Xaacj,Left ventricular cardiac dysfunction,CTV3Map_Code_And_Term
Xaapw,Right ventricular systolic dysfunction,CTV3Map_Code_And_Term
XabM9,On optimal heart failure therapy,CTV3Map_Code_And_Term
XabvP,Heart failure rehabilitation programme not available,CTV3Map_Code_And_Term
XaeVd,Non-obstructive coronary atherosclerosis,CTV3_Children
XafeB,Heart failure with reduced ejection fraction,CTV3_Children
XagLe,Coronary heart disease monitoring invitation email,QOF
Xagdx,Andersen Tawil syndrome,QOF
Y1781,Patient unsuitable for PTCA,CTV3_Children
Y1eef,Mixed myocardial ischaemia and infarction,CTV3_Children
Y1f1c,Coronary heart disease monitoring invitation,QOF
Y1f20,Heart failure monitoring invitation,QOF
Y1f93,Quality and Outcomes Framework secondary prevention of coronary heart disease quality indicator-related care invitation (procedure),QOF
Y1f9c,Quality and Outcomes Framework heart failure quality indicator-related care invitation (procedure),QOF
Y1f9d,Excepted from heart failure quality indicators - service unavailable (finding),QOF
Y3657,H/O: Ischaemic heart disease,CTV3_Children
Y9998,Common arterial trunk,CTV3_Children
ZV421,[V]Heart transplanted,CTV3Map_Code_And_Term
ZV457,[V]Presence of aortocoronary bypass graft,CTV3Map_Code_And_Term